name,model,yearofregistration,price,kilometer,vehicletype,fueltype,seller
Golf_3_1.6,golf,1993,480,150000,,benzin,privat
A5_Sportback_2.7_Tdi,,2011,18300,125000,coupe,diesel,privat
"Jeep_Grand_Cherokee_""Overland""",grand,2004,9800,125000,suv,diesel,privat
GOLF_4_1_4__3TÜRER,golf,2001,1500,150000,kleinwagen,benzin,privat
Skoda_Fabia_1.4_TDI_PD_Classic,fabia,2008,3600,90000,kleinwagen,diesel,privat
BMW_316i___e36_Limousine___Bastlerfahrzeug__Export,3er,1995,650,150000,limousine,benzin,privat
Peugeot_206_CC_110_Platinum,2_reihe,2004,2200,150000,cabrio,benzin,privat
VW_Derby_Bj_80__Scheunenfund,andere,1980,0,40000,limousine,benzin,privat
Ford_C___Max_Titanium_1_0_L_EcoBoost,c_max,2014,14500,30000,bus,benzin,privat
VW_Golf_4_5_tuerig_zu_verkaufen_mit_Anhaengerkupplung,golf,1998,999,150000,kleinwagen,,privat
Mazda_3_1.6_Sport,3_reihe,2004,2000,150000,limousine,benzin,privat
Volkswagen_Passat_Variant_2.0_TDI_Comfortline,passat,2005,2799,150000,kombi,diesel,privat
"VW_Passat_Facelift_35i__""7Sitzer""",passat,1995,999,150000,kombi,benzin,privat
VW_PASSAT_1.9_TDI_131_PS_LEDER,passat,2004,2500,150000,kombi,,privat
Nissan_Navara_2.5DPF_SE4x4_Klima_Sitzheizg_Bluetooth.Doppelkabine,navara,2011,17999,70000,suv,diesel,privat
Renault_clio_1.2_TÜV_07/2016,clio,2016,899,150000,,benzin,privat
Golf_3_....._1.4,golf,1994,245,150000,limousine,benzin,privat
BMW_325i_Aut.,3er,2007,18000,20000,limousine,benzin,privat
Mercedes_Benz_E_200_CDI_Automatik_Classic,e_klasse,2004,3500,150000,limousine,diesel,privat
VW_Golf_3,golf,2016,350,150000,,benzin,privat
Opel_Kadett_E_CC,kadett,1991,1600,70000,andere,,privat
Renault_Kangoo_1.9_Diesel,kangoo,2016,1500,150000,,diesel,privat
Abschleppwagen_Vw_LT_195.000_gruene_Plakette_TÜV_8/2017,andere,2002,11900,150000,andere,diesel,privat
Mercedes_Camper_D407,andere,1984,1500,150000,bus,diesel,privat
Suche_Opel_corsa_a_zu_verschenken,corsa,1990,0,150000,,benzin,privat
E_500_Avantgarde_AMG_Ausstattung,e_klasse,2002,7500,150000,limousine,,privat
BMW_E60_530XD,5er,2006,12500,150000,limousine,diesel,privat
Mini_One_Pepper_Scheckheftgepflegt,one,2007,6990,100000,limousine,benzin,privat
Smart_For_two_Klima_regensensor_uSw,fortwo,2008,3900,80000,kleinwagen,benzin,privat
Renault_Clio_1.4,clio,1999,590,125000,kleinwagen,benzin,privat
BMW_120d_DPF,1er,2007,7999,150000,limousine,diesel,privat
BMW_528i_touring,5er,1998,2100,150000,kombi,benzin,privat
VW_Golf_6___Klima___Alu___Scheckheft_!!!,golf,2017,7750,100000,,benzin,privat
Mercedes_Benz_B180_Automatik,b_klasse,2012,13500,150000,bus,diesel,privat
BMW_120i_Cabrio_mit_M_Paket,1er,2008,14800,125000,cabrio,benzin,privat
Fiat_punto_5_tuerer__6_gang,punto,2017,2000,150000,,diesel,privat
Verkaufe_meinen_kleinen_wegen_neu_Anschaffung,andere,2016,1400,5000,,,privat
Bmw_318_d_Sport_Edition_Facelift,3er,2008,7999,150000,limousine,diesel,privat
Opel_signum_1.9_cdti,signum,2005,4700,150000,kombi,,privat
auto_opel_astra,astra,1999,550,150000,kombi,diesel,privat
BMW_435i_Sport_coupe,andere,2014,39600,30000,coupe,benzin,privat
Smart_Cabrio_TÜV_bis_07/17,fortwo,2006,3000,80000,cabrio,benzin,privat
Seat_inca_1.9SDI___LKW_Zulassung___TÜV_NEU,andere,2018,2399,125000,,,privat
Volkswagen_Golf_1.6_Comfortline,golf,1998,1000,150000,limousine,benzin,privat
TAUSCHE_BMW_E38_740i_g._SUV_/_GELÄNDEWAGEN_LESEN_LESEN,,1994,1,150000,suv,,privat
Bmw_316i_compact.____200€,3er,1995,200,150000,coupe,benzin,privat
Audi_A8_3.0_TDI_quattro,a8,2004,7499,150000,limousine,diesel,privat
KA_Lufthansa_Edition_450€_VB,ka,1910,450,5000,kleinwagen,benzin,privat
Polo_6n_1_4,polo,2016,300,150000,,benzin,privat
Renault_Twingo_1.2_16V_Aut.,twingo,2004,1750,150000,kleinwagen,benzin,privat
Ford_C_MAX_2.0_TDCi_DPF_Titanium,c_max,2007,7550,150000,bus,diesel,privat
Mercedes_Benz_A_160_Classic_Klima,a_klasse,2004,1850,150000,bus,benzin,privat
Volkswagen_Scirocco_1.4_TSI_Sport,scirocco,2009,10400,100000,coupe,benzin,privat
BMW_530i_TÜV_7/17_Scheckheftgepflegt_sehr_guter_Zustand,5er,2002,3699,150000,limousine,benzin,privat
Opel_Meriva_1.Hand_TÜV_3.2018,meriva,2018,2900,150000,,benzin,privat
Stadtflitzer,arosa,1997,450,150000,kleinwagen,benzin,privat
MERCEDES_200E__TÜV_04/2016,andere,1990,500,150000,limousine,benzin,privat
BMW_530d_touring_Vollausstattung_NAVI,5er,2002,2500,150000,kombi,diesel,privat
Citroen_C4_Grand_Picasso.,c4,2017,5555,125000,,,privat
Honda_Civic_1.4_i_VTEC_Comfort,civic,2008,6900,60000,limousine,benzin,privat
Volkswagen_T3_andere,transporter,1981,1990,5000,bus,benzin,privat
Fiat_Punto_1.2,punto,2003,690,150000,kleinwagen,benzin,privat
Mercedes_Benz_E_250_D_Original_Zustand_!!,e_klasse,1995,3300,150000,limousine,diesel,privat
Skoda_Fabia_1.2,fabia,2010,5500,70000,kleinwagen,benzin,privat
Volkswagen_Jetta_1.9_TDI_DSG_DPF_Sportline,jetta,2006,7000,100000,limousine,diesel,privat
BMW_325_i_Cabrio_wenig_Kilometer,3er,2007,14999,50000,cabrio,benzin,privat
Opel_Astra_1.4_mit_vielen_Extras!!!!,astra,2017,10900,50000,,,privat
Volkswagen_Scirocco_1.4_TSI___Top_Zustand_!!!!,scirocco,2008,9700,150000,coupe,benzin,privat
Honda_HRV_reserviert!!!,andere,2000,2100,150000,suv,benzin,privat
Mercedes_Benz_190,andere,1992,1280,150000,limousine,benzin,privat
Opel_astra_g_coupe_1.8_liter_benziner,astra,2001,1200,150000,coupe,,privat
Volkswagen_Polo,polo,1993,800,150000,kleinwagen,benzin,privat
BMW_520i_E39,5er,1997,2300,150000,,,privat
Ford_Fiesta,fiesta,2002,750,150000,kleinwagen,benzin,privat
Mercedes_Benz_C_180_T_Kompressor_Avantgarde,c_klasse,2008,7999,150000,kombi,benzin,privat
VW_Golf_V_Plus_TDI_1_8,golf,2006,6600,150000,limousine,diesel,privat
Nissan_Micra_1.2_CVT,micra,2013,7999,40000,kleinwagen,benzin,privat
MB_Vito_Transporter_108_CDI,vito,2003,1400,150000,andere,diesel,privat
Golf_4_TDi_1_9.__3_tuerig,golf,2000,800,150000,,diesel,privat
Mercedes_Benz_311_CDI_Sprinter_DOKA_6_SITZ._TÜV/AU_NEU,sprinter,2006,5000,150000,bus,diesel,privat
Mercedes_Benz_E_250_CDI_Mod.2011_Automatik_NAVI_XENON_Glasdach,e_klasse,2010,20300,80000,limousine,diesel,privat
Opel_Astra_F_Cabrio,astra,2016,150,150000,,benzin,privat
muss_dringend_weg_!!!_2_mal_Alfa_romeo_156_Zu_Verkaufen,156,2000,250,150000,kombi,benzin,privat
Bastler_Fahrzeug_mit_Rest_Tuev,,1997,350,150000,kleinwagen,,privat
Ford_Escort_CLX,escort,1994,600,100000,limousine,benzin,privat
Mercedes_Benz_C_220_T_CDI_Avantgarde,c_klasse,2005,3300,150000,kombi,diesel,privat
SUBARU_FORESTER,forester,1997,1600,150000,kombi,benzin,privat
Volvo_XC90_AWD_D5_Kinetic_Leder_Standheizung_AHK_Gruene_Umweltpl,xc_reihe,2005,8000,150000,suv,diesel,privat
Mitsubishi_L_400,andere,2001,1800,150000,bus,diesel,privat
Fiesta_Titanium_1.25,fiesta,2009,6800,60000,kleinwagen,benzin,privat
Renault_Scenic,scenic,2004,2990,150000,bus,benzin,privat
MERCEDES_BENZ_W124_250D_83KW_/_113PS___SCHLACHTFEST_!!!_Preis:_1€,e_klasse,1995,1,150000,limousine,diesel,privat
A4_Diesel_Leder_Top___NAVI,a4,2003,2400,150000,limousine,diesel,privat
Senator_A2__3_0E__180PS__CD_Ausstattung.,andere,1984,1222,150000,limousine,benzin,privat
FORD_KA___TÜV_ABGELAUFEN,ka,2000,250,150000,,,privat
Audi_A1_1.2_TFSI_S_Line,a1,2013,14500,60000,kleinwagen,benzin,privat
unfall_Opel_insignia_voll_Ausstattung__TÜV_neu__ideal_fuer_Bastler,insignia,2009,8390,150000,,,privat
Volkswagen_Passat_1.9_TDI,passat,2003,3850,150000,limousine,diesel,privat
BMW_318d_Aut.__Xenon__Navi__Sportsitze_FESTREIS!,3er,2013,23490,40000,limousine,diesel,privat
VW_t5_kastenwagen,transporter,2008,6450,150000,bus,,privat
Mercedes_A_Klasse____Top_Zustand___TÜV/AU___neu_!_Halbautomatik,a_klasse,1999,1700,125000,kleinwagen,benzin,privat
OPEL_COMBO_2008__TÜV_Neu_bis_02.2018__DIESEL___LKW_ZULLASUNG,combo,2008,4290,150000,bus,diesel,privat
Ford_Focus_Turnier_1.6_TDCi_DPF,focus,2006,1500,150000,kombi,diesel,privat
Audi_A4_B5_1_6_Liter,a4,1995,499,150000,limousine,benzin,privat
Hyundai_Genesis_Coupe_GT_3.8_V6_Automatik,andere,2012,22999,50000,coupe,benzin,privat
Audi_a4_2.5_TDI_Tausch_moeglich,a4,2004,6500,150000,limousine,diesel,privat
verkaufe_Mercedes_Benz_220_CDI_Sport_8_fach_Bereift,c_klasse,1999,900,150000,kombi,diesel,privat
BMW_316_automatikgetriebe_Klimaanlage,3er,1997,650,150000,limousine,benzin,privat
Ford_Escort_Cabrio,escort,1992,300,150000,cabrio,,privat
Audi_TT_Coupe_1.8_T_quattro,tt,1999,3399,150000,coupe,benzin,privat
Volkswagen_Passat_Variant_1.6_Kombi_mit_TÜV_und_AHK,passat,1997,1300,150000,kombi,benzin,privat
Honda_Civic_EG4,civic,1995,900,150000,,benzin,privat
530d_XDRIVE_235_PS,5er,2009,7300,100000,limousine,diesel,privat
Opel_Astra_Twin_Top_2.0_Turbo,astra,2006,8599,125000,cabrio,benzin,privat
Opel_Corsa_TÜV_bis_Ende_2016,corsa,1998,350,150000,kleinwagen,benzin,privat
Golf_IV_1.4_16V,golf,2017,0,5000,,benzin,privat
Audi_A6_2_5_TDi_Quattro_Avant_Automatic__Turbo__Kombi__132_KW__2_,a6,2005,5900,150000,kombi,diesel,privat
Volkswagen_Golf_1.8_5V_Turbo,golf,2002,6300,150000,limousine,benzin,privat
Volkswagen_Corrado_1.8_G60,andere,1991,3500,150000,coupe,benzin,privat
Polo_6n_Karosse_zu_verschenken,,1999,0,5000,kleinwagen,benzin,privat
BMW_320d_DPF,3er,2006,5950,150000,limousine,diesel,privat
Honda_Jazz_1.2_S,jazz,2003,1699,150000,kleinwagen,benzin,privat
Volkswagen_vw_t4_Einzelstueck,transporter,1996,4699,150000,bus,benzin,privat
Motorschaden_steuerrichmen_gerissen,omega,2000,400,150000,limousine,,privat
Volkswagen_Polo_1.4_FSI_Team,polo,2010,9290,40000,kleinwagen,benzin,privat
Mercedes_Benz_Kabrio__Limousine___mit_Gas_Umbau....,slk,2003,7000,150000,limousine,benzin,privat
Servo_Klima_Zv__usw,twingo,2000,1199,150000,kleinwagen,benzin,privat
Ford_Focus_1_6l*Klima*TÜV*,focus,2002,1750,125000,limousine,benzin,privat
Volkswagen_Golf_CL,golf,1990,1000,150000,limousine,benzin,privat
BMW_740i,7er,1995,1800,150000,limousine,benzin,privat
VW_Golf_6_1.4_Comfortline,golf,2009,8000,100000,,benzin,privat
Opel_Combo_1.7_DTI___Kasten___Lkw_Zulassung___Euro3,combo,2003,1100,150000,bus,diesel,privat
Mercedes_Benz_E_270_T_CDI,e_klasse,2001,2990,150000,kombi,diesel,privat
Opel_Corsa_1.0_TÜV_bis_01/17,corsa,2000,300,150000,kleinwagen,benzin,privat
BMW_E36_328i_Coupe_Schalter,3er,2000,3390,150000,,,privat
Volkswagen_Passat,passat,2001,2750,150000,kombi,diesel,privat
Fabia_II_Combi_Greenline_1_2_TDI_DPF_mit_Gebrauchtwagengarantie,fabia,2012,6990,100000,kombi,diesel,privat
Audi_Cabriolet_Typ_89_2.0L,80,1996,4800,150000,cabrio,benzin,privat
Mercedes_Benz_C_220_CDI_DPF_Automatik_Avantgarde,c_klasse,2007,14499,125000,limousine,diesel,privat
Audi_80_5_Zylinder_b4_liebhaberfahrzeug,,1992,1450,150000,limousine,,privat
Verkaufe_ein_toppen_golf5,golf,2005,4300,150000,limousine,diesel,privat
Honda_Civic_1.6i,civic,2003,2499,150000,limousine,benzin,privat
Alfa_Romeo_147_1.9_JTD_8V_M_Jet__DPF,147,2007,3450,150000,limousine,diesel,privat
Mercedes_Benz_C180_mit_TÜV,c_klasse,1996,350,150000,limousine,benzin,privat
BMW_530d_touring,5er,2000,3550,150000,kombi,diesel,privat
Sehr_gepflegter_unfallfreier_Ford_C_Max_Style+_1_6_DPF_mit_AHK,c_max,2010,8250,125000,bus,diesel,privat
renault_clio_TÜV_NEU_bis_03_2018_inzahlungname_moeglich,clio,1998,800,150000,kleinwagen,benzin,privat
Audi_A4_b5_Avant_TÜV_10/17,a4,1996,1500,150000,kombi,,privat
Mercedes_Benz_GLK_250_BlueTEC_4Matic_Standhzg_Alcantara_Voll,glk,2014,41900,40000,suv,diesel,privat
BMW_330d_schadow_line,3er,2003,4200,150000,kombi,diesel,privat
Audi_100_c3_typ_44_bj_1985_quattro_krarosse_mit_achsen,100,1985,150,150000,,benzin,privat
Volkswagen_Golf_3,golf,1996,1000,150000,kleinwagen,benzin,privat
Krankenfahrstuhl_25_kmh__zu_verkaufen.,punto,2005,300,40000,,,privat
Peugeot_307_90_Grand_Filou,3_reihe,2004,800,150000,limousine,benzin,privat
Mercedes_C_200_Kompressor,c_klasse,2000,2300,150000,limousine,benzin,privat
Audi_A6_Avant_2_5tdi*Navi*Automatik*Euro4*,a6,2003,4000,150000,kombi,diesel,privat
POLO_1.2_KILIMA_WIE_NEU,,2009,6799,20000,kleinwagen,benzin,privat
Opel_meriva_1.6_16_v_lpg__z16xe_no_OPC,meriva,2004,0,150000,bus,lpg,privat
BMW_Z4_roadster_2.2i_M_Paket__Klima__Xenon,z_reihe,2004,9450,150000,cabrio,benzin,privat
Fiat_Scudo_Bulli_Werkstattwagen_Diesel,andere,2006,0,5000,,,privat
KIA_SPORTAGE,sportage,2017,14500,125000,,diesel,privat
Mercedes_Benz_C_270_CDI_Elegance,c_klasse,2003,6890,125000,limousine,diesel,privat
Kia_Sorento__coole_Farbe_schaut......,sorento,2007,7500,5000,suv,benzin,privat
Volkswagen_Golf_Function,golf,1993,800,10000,limousine,benzin,privat
A_210_Evolution_AMG_Styling_absoluter_Festpreis,a_klasse,2002,1499,150000,kleinwagen,,privat
is_ales_ok,,1999,500,150000,kleinwagen,benzin,privat
VW_Caddy_Lkw_Zulassung,,2001,1495,150000,kombi,diesel,privat
Mitsubishi_Space_ohne_TÜV,andere,1994,300,150000,kleinwagen,benzin,privat
OPEL_astra_G_TÜV_NEU,astra,2018,1200,150000,,,privat
VW_Golf_CL__2er_Golf____TÜV_bis_02/2018,golf,1989,850,125000,limousine,benzin,privat
Volkswagen_T5_Transporter,transporter,2007,8500,150000,bus,diesel,privat
Volvo_v40_mit_klima,v40,1998,300,150000,kombi,benzin,privat
Honda_Civic_1.4i,civic,2000,1500,125000,limousine,benzin,privat
BMW_E34_518I,5er,1995,950,150000,limousine,benzin,privat
Seat_Ibiza_1.2_12V,ibiza,2004,3200,80000,kleinwagen,benzin,privat
Ford_C_MAX_1.6_TDCi_Titanium__7_Sitzer_Topausstattung,c_max,2011,11890,150000,bus,diesel,privat
BMW_323_Ci_Automatik__Sitzheizung__Sportauspuff__Alufelgen_17Zoll,3er,2000,2900,150000,coupe,benzin,privat
Ford_Mustang_GT_V8_Cabrio_Premium_Neuwagenzustand,mustang,2006,19750,50000,cabrio,benzin,privat
Volkswagen_Eos_2.0_FSI,eos,2006,9800,60000,cabrio,benzin,privat
Ford_Fiesta_1.4_Ghia_Klima__Scheckheft__Tuev_NEU!!,fiesta,2003,1990,125000,kleinwagen,benzin,privat
Mercedes_Benz_Vito_115_CDI_Extralang_DPF_Aut.,vito,2006,10500,150000,bus,diesel,privat
Opel_Astra_J_Design_Edition_1.7_CDTI_ecoflex,astra,2012,11000,70000,limousine,diesel,privat
Opel_Sintra_2.2__7_Sitzer,andere,1997,300,150000,bus,benzin,privat
Mercedes_Benz_E320_Cdi_/TÜV_05.2017_//Vollaustattung,e_klasse,2000,2390,150000,kombi,diesel,privat
Skoda_Fabia_Combi_1.2_TSI_DSG_Style,fabia,2015,16449,10000,kombi,benzin,privat
BMW_e46_318i_touring,3er,2001,2999,150000,kombi,benzin,privat
Skoda_Fabian_Automatik._Kombi_Benziner,fabia,2016,3000,150000,,benzin,privat
Audi_A4___1_8_TFSI___Xenon___Scheckheft___51_tkm___TOP_Zustand,a4,2011,14300,60000,limousine,benzin,privat
Volkswagen_Polo_1.4_United_1._Hand,polo,2009,5999,125000,kleinwagen,benzin,privat
Audi_A6_Avant_2.5_TDI_quattro_S_line,a6,2003,3700,150000,kombi,diesel,privat
Volkswagen_Touran_1.9_TDI_DPF_Navi_PDC_Tempomat_AHK_TÜV_Neu,touran,2007,8999,90000,bus,diesel,privat
BMW_530xd_e60_EZ10/2008,,2008,14000,150000,limousine,,privat
Ford_Mustang_V8_390cui,mustang,1968,25000,90000,coupe,benzin,privat
Audi_80_1.8_in_tadellosem_Zustand._Erst_71.000_km!,80,1992,2790,80000,limousine,benzin,privat
BMW_320i_Facelift,3er,2008,13400,100000,limousine,benzin,privat
Volkswagen_Golf_Plus_1.6_Goal,golf,2006,4900,150000,bus,benzin,privat
Volkswagen_Golf_R32_4Motion_DSG,golf,2006,11299,150000,limousine,benzin,privat
Golf_1_6_Family,golf,1997,550,150000,andere,benzin,privat
Hyundai_Getz_1.5_CRDi_VGT_GLS,getz,2006,1400,150000,kleinwagen,diesel,privat
VW_Polo_Coupe_86c_1990Bj._125193km,,1990,1200,150000,coupe,benzin,privat
Opel_Insignia_2.0_CDTI_Sports_Tourer_Edition,insignia,2011,9500,150000,kombi,diesel,privat
Volkswagen_Golf_Variant_1.9_TDI_Joker,golf,1999,1800,150000,kombi,diesel,privat
Renault_Twingo_Lazuli_sport_1.2_16V_TÜV_2_jahre,twingo,2018,2800,125000,,,privat
A3_2.0_TDI_Sportback_DPF_quattro,a3,2006,3200,150000,kombi,diesel,privat
***_ACHTUNG_FORD_KA_NEU_TÜV_BIS_04/2087_ZU_VERKAUFEN_***,ka,2002,1350,150000,kleinwagen,benzin,privat
BMW_530d_Touring_Aut._TOP_Ausstattung!!!_Rabatt_!!,5er,2006,11000,150000,kombi,diesel,privat
Nissan_Almera,almera,2016,1999,150000,,diesel,privat
RENAULT_MEGANE_2.0_TURBO_COUPE_CABRIO_PRIVILEG,megane,2006,6900,100000,cabrio,benzin,privat
BMW_730er_V8_Automatik_aus_3er_Hand_top_fahrbereit__TÜV:07.16!!!,7er,1996,1600,150000,limousine,benzin,privat
Audi_A6_Avant_2.7_TDI_DPF_multitronic,a6,2008,12999,150000,kombi,diesel,privat
BMW_BMW_535_d_xDrive_M_Sportpaket+Head_Up+Panorama++,5er,2011,18400,150000,kombi,diesel,privat
Volkswagen_Vento_1.8_CLX,andere,1995,999,150000,limousine,benzin,privat
"Audi_A3_2.0_TDI_Sportback_DPF_S_tronic_Navi_Xenon_19""",a3,2009,12899,150000,kombi,diesel,privat
BMW_318d_DPF,3er,2010,10500,150000,limousine,diesel,privat
Smart_smart_&_pulse_cdi_TÜV_neu,fortwo,2001,2250,150000,kleinwagen,diesel,privat
Volkswagen_Golf_1.4_Trendline,golf,2010,8500,50000,limousine,benzin,privat
"BMW_130i_LCI_M_Paket_ab_Werk_Xenon_Schiebedach_18""",1er,2007,14900,150000,limousine,benzin,privat
Golf_3_75PS_Klima_Schiebedach,golf,1994,500,150000,kleinwagen,benzin,privat
VW_Lupo_1_0_l_Tuev_6/2017_viele_Neuteile_verbaut,lupo,2002,1200,150000,kleinwagen,benzin,privat
Audi_A3_1.8_Ambiente,a3,1996,1250,150000,limousine,benzin,privat
VW_Polo_Coupe_86c_in_rot__guter_Zustand__alltagsauto,polo,1992,370,125000,kleinwagen,benzin,privat
A6_Avant_Quattro,a6,1999,1000,150000,kombi,,privat
AB_SOFORT_Renault_19__Chamade__R19__88PS__Ph2__TÜV_05/17,r19,1993,350,150000,limousine,benzin,privat
BMW_325d_Coupe,3er,2007,8600,150000,coupe,diesel,privat
Opel_zafira,zafira,2017,2100,150000,,diesel,privat
Volkswagen_Golf_Cabrio,golf,1991,2222,150000,cabrio,benzin,privat
Caddy_14d_1.6SDI,caddy,1985,850,150000,,diesel,privat
BMW_325i_Aut.,3er,2005,11800,150000,limousine,benzin,privat
Ford_C_Max_zu_verkaufen!,c_max,2008,4000,125000,bus,diesel,privat
Mercedes_Benz_CDI_Kombi_Elegance,c_klasse,2005,4650,150000,kombi,diesel,privat
Peugeot_206_1.4i_TÜV_NEU+8_Fach_Bereift+PANORAMADACH+4_TÜRER+,2_reihe,1999,1450,150000,kleinwagen,benzin,privat
TÜV_NEU!_Top_Anfaengerauto!_Corsa_1.4,corsa,2017,900,150000,,benzin,privat
Mondeo_TDCI_Bj._2002,mondeo,2002,800,150000,kombi,diesel,privat
Seat_Cordoba_Vario_1.9_TDI_TÜV_NEU!!_Gruene_Plakette!_VHB!,cordoba,2000,1600,150000,kombi,,privat
Volkswagen_Golf_V_1.4_Top_Zustand_*TÜV*,golf,2004,2800,100000,limousine,benzin,privat
Mercedes_Benz_C_200_T_CDI_Avantgarde_DPF,c_klasse,2004,5499,150000,kombi,diesel,privat
BMW_323i,3er,2000,5500,150000,limousine,benzin,privat
Mondeo_Tddi_Teile_gesucht,mondeo,2001,0,150000,kombi,,privat
Suzuki_LJ_80_fuer_Bastler,andere,1982,1000,150000,suv,benzin,privat
Audi_A4_Avant_2.0_TDI_Attraction_150PS_Xenon+_Navi+,a4,2013,22290,50000,kombi,diesel,privat
ich_verkaufe_einen_Golf_5,golf,2005,3750,150000,,,privat
Lancia_Phedra_2.0_16v_JTD_Emblema,andere,2003,1440,150000,bus,diesel,privat
Renault_Clio_1.4_RXE,clio,2000,1150,150000,kleinwagen,benzin,privat
Volkswagen_Golf_2.0_GTD_Bremsen+Scheiben+TÜV_NEU_NAVI,golf,2011,15700,90000,limousine,diesel,privat
BMW_316i,3er,1995,899,150000,coupe,benzin,privat
Mercedes_E_Klasse_kotfuegel_richt,e_klasse,1998,130,150000,kombi,,privat
Bmw_320i_Touring_mit_Lederausstattung_in_schwarz__Vollaustattung.,3er,2006,9200,150000,kombi,benzin,privat
Mercedes_Benz_Sprinter_313_CDI_Doka_3_5t,sprinter,2000,3350,150000,bus,diesel,privat
Renault_Clio_II_1.2_i_16V,clio,2006,2700,125000,kleinwagen,benzin,privat
Mazda_Premacy_1.9,andere,2001,800,150000,bus,benzin,privat
Nissan_350_Z,andere,2008,10200,90000,coupe,benzin,privat
Audi_A6_2.0_TDI_DPF_multitronic,a6,2008,9800,150000,limousine,diesel,privat
Volkswagen_Golf_2.0_GTI_DSG,golf,2012,14700,60000,limousine,benzin,privat
Schicker__roter__Sportflitzer_GOLF_4_1_6,golf,1997,1200,150000,limousine,benzin,privat
Mitsubishi_Colt_1300_GLi_|_original_65.500_Km_|_TÜV_neu,colt,1995,895,70000,limousine,benzin,privat
Volkswagen_6n,polo,1995,950,150000,kleinwagen,benzin,privat
Subaru_Impreza_2.5i_US_Modell_sehr_selten___RS_STI_WRX__,impreza,2006,8000,150000,limousine,,privat
BMW_540ia_M_packet_Shadowline,5er,2002,6799,150000,limousine,lpg,privat
Opel_Corsa_MIT_TÜV__Geringer_Verbrauch__ALUFELGEN_!!!,corsa,1999,500,150000,kleinwagen,benzin,privat
Volkswagen_Polo_1.2_TSI_DSG_MATCH,polo,2012,11919,30000,kleinwagen,benzin,privat
Porsche_Cayman_2.9___PCM/Navi___Sport_Chrono___TÜV_neu,andere,2009,25900,125000,coupe,benzin,privat
vw_golf_3_90ps_lederausstattung,golf,1993,300,150000,kleinwagen,benzin,privat
Audi_A1_1.6_TDI_Attraction,a1,2010,10800,125000,kleinwagen,diesel,privat
Opel_Vectra_Edition_2000_klimaautomatic_Standheizung___gepflegt,vectra,2002,650,150000,limousine,benzin,privat
BMW_318i_touring,3er,2000,800,150000,kombi,benzin,privat
Volkswagen_Lupo_1.4_TDI,lupo,2001,1690,150000,kleinwagen,diesel,privat
Megane_CC,megane,2004,3650,150000,cabrio,benzin,privat
Citroën_Berlingo_L1_1.6_HDi_75_Niveau_B,berlingo,2009,4850,80000,bus,diesel,privat
Mitsubishi_Colt_Tuev_07/2016,,2016,450,150000,,benzin,privat
Mercedes__C220__CDI,c_klasse,1999,1450,5000,limousine,,privat
Volkswagen_Passat_Variant_2.0_TDI,passat,2007,4500,150000,kombi,diesel,privat
Volkswagen_Passat_Variant_2.0_5V_Comfortline_Family,passat,2003,3900,150000,kombi,benzin,privat
Volkswagen_Caravelle_Lang_DSG_Navi_Standheiz._VOLL,transporter,2013,26999,80000,bus,diesel,privat
Volkswagen_Passat_Variant_1.6,passat,2000,750,150000,kombi,benzin,privat
"BMW_730d_VOLLAUSSTATTUNG__E38_""2.Hand""",7er,1999,5900,150000,limousine,diesel,privat
Audi_A6_3.0_TDI_competition_S_Line_LED_BOSE,a6,2015,56900,5000,limousine,diesel,privat
Volkswagen_Golf_2.0,golf,2000,1100,150000,limousine,benzin,privat
Mercedes_Benz_CLS_350_CDI_4Matic_7G_TRONIC,andere,2014,48000,80000,coupe,diesel,privat
Renault_Clio_III_Sport_RS_201,clio,2009,8400,70000,kleinwagen,benzin,privat
Tausche_Youngtimer_Audi_80_mit_knapp_62000_km,80,1990,1,70000,limousine,benzin,privat
VW_Golf_IV_1.4_16V_Motorschaden?,golf,1998,800,150000,limousine,benzin,privat
Mercedes_Benz_ML_350_CDI_4Matic_7G_TRONIC_DPF_BRABUS_AMG,m_klasse,2009,27500,150000,suv,diesel,privat
Volkswagen_Touran_1.4_TSI_Highline_R_Line_7Sitze/Standheiz.,touran,2009,14950,70000,bus,benzin,privat
BMW_Z4_roadster_2.2i,z_reihe,2004,14900,70000,cabrio,benzin,privat
BMW_535i,5er,1998,2950,150000,limousine,benzin,privat
Audi_80_coupe_top_gepflegt_2_0,,1994,1500,150000,coupe,,privat
VW_Tiguan_2.0_TDI_DPF_BlueMotion_Technology,tiguan,2011,12000,150000,suv,diesel,privat
Mercedes_Benz_C_220_T_CDI_Elegance,c_klasse,2001,2500,150000,kombi,diesel,privat
Volkswagen_Golf_4_Cabrio_2.0l_Benzin,golf,2001,2400,150000,cabrio,benzin,privat
Hyundai_i30_Withe_Edition,i_reihe,2017,4600,125000,,benzin,privat
Mitsubishi_3000_GT,andere,1995,6000,150000,coupe,benzin,privat
Ford_Fiesta_1.6_TDCi_Titanium,fiesta,2012,8950,60000,kleinwagen,diesel,privat
Opel_corsa_Topp_mit_1_Jahr_tuev,corsa,1996,590,150000,limousine,,privat
Ford_Fiesta_aus_1._Hand_mit_Getriebeschaden,fiesta,2016,150,50000,,benzin,privat
Ford_Mustang,mustang,2009,18700,80000,coupe,benzin,privat
VW_Polo_1_2_Match_Plus_Teilleder_Panorama_SHZ_PDC_Klimaautomatik,polo,2012,9500,50000,limousine,benzin,privat
Volkswagen_Passat_3c_CC_2.0_TDI_DSG,passat,2009,11550,125000,coupe,diesel,privat
Renault_Grand_Espace,espace,2017,1250,150000,,benzin,privat
BMW_316i,3er,1989,2400,150000,limousine,benzin,privat
VWTiguan_sehr_gepflegt,tiguan,2011,16150,30000,suv,benzin,privat
Sharan_dti,sharan,2000,3400,150000,bus,diesel,privat
Audi_1.Hand_Navi_Leder_Xenon,tt,2000,3000,150000,coupe,benzin,privat
Volkswagen_Golf_1.9_TDI_Comfortline,golf,2004,5500,150000,limousine,diesel,privat
Mazda_6._Scheckheft,6_reihe,2004,2000,5000,limousine,diesel,privat
Twingo_1_2,twingo,1998,300,125000,kleinwagen,,privat
Verkaufe_Renault_Megane_Classic_mit_Klima,megane,2000,890,150000,limousine,benzin,privat
Honda_jazz_1.4___5trg__mod_2006___klimatron___euro4___faehrt_super,jazz,2016,2390,150000,,benzin,privat
Mercedes_Benz_A_klasse,a_klasse,2017,1450,150000,,benzin,privat
Astra_G__neu_TÜV,astra,1999,1699,150000,limousine,benzin,privat
Mitsubishi_L_300,andere,1996,2899,150000,bus,diesel,privat
Volkswagen_Golf_1.4_Comfortline,golf,2004,4800,80000,limousine,benzin,privat
Peugeot_308_175_THP_Sport_Plus__Navi__Panorama__Teilled.,3_reihe,2008,6799,90000,limousine,benzin,privat
VW_Touran___1.9_Diesel___6_Gang_Getriebe,touran,2003,3400,150000,bus,diesel,privat
Opel_Astra_H_TÜV_neu,astra,2004,2650,150000,limousine,benzin,privat
Renault_Clio_1.6_16_V,clio,1999,1000,150000,kleinwagen,benzin,privat
Audi_a3_8l,a3,1997,800,150000,coupe,benzin,privat
Audi_A4_Cabriolet_3.0,a4,2002,5299,150000,cabrio,benzin,privat
Mercedes_Benz_E_220,e_klasse,2002,7150,150000,limousine,diesel,privat
Tauache_90ccm_roller_gegen_auto,,2009,200,10000,,,privat
Citroën_c4_Coupé_TÜV_2017,c4,2006,2300,150000,coupe,benzin,privat
Biete_BMW_318_i_Kombi_auch_Tausch,,1999,1600,150000,kombi,benzin,privat
Opel_Corsa._1_Jahr_Tuev.,corsa,2017,350,150000,,benzin,privat
VW_Golf_Plus_DPF_140_PS_Rentnerfahrzeug,golf,2006,5500,150000,bus,diesel,privat
Fiat_Panda_4x4_Raritaet,panda,1997,4400,125000,kleinwagen,benzin,privat
Audi_A3_2.0_TDI_Sportback_DPF,a3,2008,7950,150000,limousine,diesel,privat
BMW_Z4_Coupe_3.0si_/Sommerfahrzeug,z_reihe,2007,16500,150000,coupe,benzin,privat
BMW_Z4_roadster_2.2i_Automatik_Prof_Navi,z_reihe,2004,8100,150000,cabrio,benzin,privat
VW_Buss_T5_Kastenwagen_mit_Klima_und_Anhaengerkupplung,transporter,2017,3999,150000,,diesel,privat
Volkswagen_up!_ASG_high_up!,up,2013,9750,60000,kleinwagen,benzin,privat
Mazda_3_2.2_MZR_CD_DPF_Sports_Line,3_reihe,2009,7700,150000,limousine,diesel,privat
PEUGEOT_306_Cabriolet_1_6_Saint_Tropez,3_reihe,1999,2500,150000,cabrio,benzin,privat
Smart_smart_&_passion,fortwo,1999,1195,125000,kleinwagen,benzin,privat
Renault_Clio_Grandtour_1.2_16V_75_Dynamique,clio,2014,9790,30000,kombi,benzin,privat
Renault_Clio,clio,1999,1849,90000,kleinwagen,benzin,privat
Smart_Fortwo_Coupe_cdi__schwarz_,fortwo,2006,3300,125000,kleinwagen,diesel,privat
Volkswagen_Transporter_T4_70B_1F2,transporter,1991,650,150000,kombi,diesel,privat
Toyota_Celica_GT,andere,1998,2600,150000,coupe,benzin,privat
Mercedes_Benz_C_220_T_CDI_Avantgarde,andere,2008,11700,150000,kombi,diesel,privat
renault_gebraucht,scenic,1998,600,150000,bus,benzin,privat
Hyundai_i30cw_1.4_Cl._Sparauto_LPG_Gas__1._Hand_scheckh.,i_reihe,2009,4950,150000,kombi,benzin,privat
LUPO_1.0_LPG_super_sparsam___8fach_bereift___TÜV_NEU_bis_03/2018!,lupo,2003,1600,150000,kleinwagen,benzin,privat
BMW_3er_318_Ci_Edition_Exclusive_M_Technic_CABRIO_8500€,3er,2006,8499,150000,cabrio,benzin,privat
Fiat_Sicento_Abart,seicento,2017,1650,60000,,benzin,privat
Volkswagen_Golf_1.6,golf,1999,1700,150000,limousine,benzin,privat
Kia_Ceed_1.4_CVVT_Attract_blau_metallic_SHZ_HU_2_/17,ceed,2010,5750,100000,limousine,benzin,privat
Renault_Kangoo_1.2_16V_Authentique,kangoo,2001,600,150000,bus,benzin,privat
Sehr_sauber_vw_polo_Mit_klimaanlage,polo,2005,0,150000,,benzin,privat
520_Navi__Klima___Automatik...,5er,2004,8700,150000,limousine,benzin,privat
Mercedes_Benz_E220CDI_Kombi_Automatik,c_klasse,1999,1200,150000,kombi,diesel,privat
Mazda_5_1.6_MZ_CD_Sendo,5_reihe,2014,18880,20000,bus,diesel,privat
BMW_520d_Touring_Aut.,5er,2008,11200,150000,kombi,diesel,privat
Camaro_3.4_..V6,andere,1993,3550,125000,limousine,benzin,privat
Seat_Ibiza_Sport,ibiza,2003,3900,125000,kleinwagen,benzin,privat
BMW_118d_DPF,1er,2010,13849,80000,limousine,diesel,privat
Skoda_Yeti_1.2_TSI_Ambition,yeti,2013,13200,40000,suv,benzin,privat
Skoda_Fabia_1.4_16V_Combi_Elegance,fabia,2001,2500,125000,kombi,benzin,privat
Skoda_Fabia_1.2_HTP_Cool_Edition,fabia,2006,2550,150000,kleinwagen,benzin,privat
Skoda_Octavia_Combi_1.6_Gas_1.hand__Scheckheft,octavia,2006,3900,150000,kombi,lpg,privat
BMW_330i,3er,2001,2450,150000,limousine,benzin,privat
Opel_Corsa_B_1.2_TÜV_11/16_Webasto_Standheizung,corsa,1996,500,70000,kleinwagen,benzin,privat
Volkswagen_Passat_Variant_1.9_TDI,passat,1998,750,150000,kombi,diesel,privat
Opel_Zafira_irmscher,zafira,1999,1799,150000,bus,benzin,privat
Golf_3_mit_gas_Anlage,golf,1997,950,150000,kleinwagen,,privat
Seat_Mii_1.0_Style_Salsa_Sport_Navi__Klima__Tempom...,mii,2012,8150,60000,kleinwagen,benzin,privat
Mazda_RX_8,rx_reihe,2004,3900,125000,coupe,benzin,privat
Peugeot_107_Klima,,2012,5500,40000,kleinwagen,,privat
Opel_Corsa_1.4_ecoFLEX_Start/Stop_Color_Edition,corsa,2014,9999,20000,kleinwagen,benzin,privat
Vw_golf_2_TÜV_neu_!!,golf,2018,1050,150000,,,privat
!!!_Ford_Mondeo__mit_TÜV___das_ist_wichtig_Tausche__auch_!!!,mondeo,2001,500,150000,kombi,diesel,privat
VW_Golf_1.8_Autogas_mit_Benzin_4_Tuere,golf,1992,699,150000,limousine,lpg,privat
opel_astra_f_cabriolet,astra,1994,999,150000,cabrio,benzin,privat
Audi_A6_4B_4_2_V8,a6,2003,6250,150000,limousine,benzin,privat
Volkswagen_T2_Bus,transporter,1976,10000,5000,bus,benzin,privat
Peugeot__F__206_mit_Motorschaden,,2001,300,150000,kleinwagen,benzin,privat
BMW_635_CSi_!_Top_gepflegt_!_H_Kennz._!_TÜV_2017,6er,1983,16500,150000,coupe,benzin,privat
Ford_Focus_1.8__FFV__flexifuel_Style,focus,2007,6500,125000,limousine,andere,privat
Corvette_Z06,,2013,49500,10000,cabrio,benzin,privat
Renault_Modus,modus,2016,1200,150000,,benzin,privat
Golf_Cabrio,golf,2000,1480,150000,cabrio,benzin,privat
Fiat_Punto_188_SX__97.000km__TÜV__8_Fach_Bereifung__MP3_Radio,punto,2000,1490,100000,kleinwagen,benzin,privat
Opel_Astra_1.7_CDTI_Caravan_DPF_Catch_me_now,astra,2008,3200,150000,kombi,diesel,privat
Audi_A6_Avant_2.5_TDI_TÜV_10.2017,a6,2003,3250,150000,kombi,diesel,privat
Volkswagen_Fox_1.2__KLIMA,fox,2006,3400,70000,kleinwagen,benzin,privat
Renault_Twingo_mit_Faltdach,twingo,2002,1100,150000,kleinwagen,benzin,privat
Opel_Vectra_2.2_DTI,vectra,2002,1750,150000,limousine,diesel,privat
VW_Passat_2l_TDI_DSG_Automatik,passat,2006,3300,150000,kombi,diesel,privat
Chevrolet_Matiz_0.8_SE,matiz,2005,1350,150000,kleinwagen,benzin,privat
Fiat_Panda_1.2_4x4_Climbing,panda,2012,8250,80000,kleinwagen,benzin,privat
Vw_beetle_highline_2_0_l_lederausstattung_+++,beetle,2000,2500,150000,kleinwagen,benzin,privat
Audi_A6_Avant_2.5_TDI_GRÜNE_Plakette_VOLL,a6,2004,3999,150000,kombi,diesel,privat
Mercedes_Benz_ML_63_AMG_4Matic_7G_TRONIC,m_klasse,2007,21500,150000,suv,lpg,privat
BMW_118i,1er,2007,7000,150000,limousine,benzin,privat
Renault_Grand_Scenic__7_Sitzer__EURO_4,andere,2005,2950,150000,bus,diesel,privat
Hyundai_i20,i_reihe,2010,4850,100000,kleinwagen,benzin,privat
Fiat_Punto_1.2,punto,2000,1100,60000,kleinwagen,benzin,privat
Opel_Vectra_2_2_GTS_Tuev_12/2017,vectra,2003,3600,125000,limousine,benzin,privat
Volkswagen_Golf_1.4_Comfortline,golf,2009,7750,125000,limousine,benzin,privat
VW_Polo_1.2_*sehr_gepflegter_Zustand*,polo,2004,2950,90000,kleinwagen,benzin,privat
Opel_corsa_Unfallfahrzeug,corsa,2017,400,150000,,benzin,privat
BMW_520d_Touring_Aut.___NAVI___AHK___Scheckheft,5er,2007,6880,150000,kombi,diesel,privat
Volkswagen_Golf_Plus_DSG_Navi,golf,2008,5600,150000,bus,diesel,privat
Volkswagen_Golf_1.2TSI_BlueMotion_Technology_DSG_NEUWAGENGARANTIE,golf,2012,10550,60000,limousine,benzin,privat
Mercedes_Benz_A_180__BlueEFFICIENCY_,a_klasse,2013,17500,40000,limousine,benzin,privat
Seat_Ibiza_1.4,ibiza,1999,999,150000,kleinwagen,benzin,privat
Opel_Astra_Automatik,astra,2018,3400,150000,,benzin,privat
Opel_Astra_Kombi_mit_Anhaengerkupplung,astra,1998,2000,150000,kombi,benzin,privat
Citroen__c1,c1,2006,2350,5000,,andere,privat
Astra_Gsi_C20let_3xxPs_Eds_F28,astra,2016,6250,150000,,,privat
Audi_A4_1.8,a4,1999,2700,125000,limousine,benzin,privat
Opel_Corsa_Grand_Slam,corsa,1995,500,150000,kleinwagen,benzin,privat
Smart_smart_fortwo_cabrio_pulse_micro_hybrid_drive,fortwo,2010,5555,90000,cabrio,benzin,privat
Mercedes_Benz_A_160_BlueEFFICIENCY_Avantgarde,a_klasse,2010,8450,70000,limousine,benzin,privat
Opel_Astra_G_Cabrio,astra,2001,2750,150000,cabrio,benzin,privat
Opel_corsa_b_tuev_3.2018,corsa,1997,650,150000,kleinwagen,benzin,privat
Ford_Focus_Trend,focus,2000,680,150000,limousine,benzin,privat
Opel_Corsa_B___________AHK,corsa,1995,444,150000,kleinwagen,benzin,privat
Peugeot_207_75,2_reihe,2009,4650,70000,kleinwagen,benzin,privat
Kia_Rio_1.4_EX,rio,2007,4450,70000,kleinwagen,benzin,privat
Nissan_Micra_1.2_Tuev_Neu_Maerz_2018_OHNE_MÄNGEL_Top_Zustand,micra,2003,1999,80000,kleinwagen,benzin,privat
Opel_Zafira_1.7_CDT_AHK_Regen_Lichtsensor__unfallfrei,zafira,2011,9650,100000,bus,diesel,privat
W124_320_E_TÜV_03/2017_5_Gang_Automatik_KLIMA,e_klasse,1992,2700,150000,limousine,benzin,privat
Peugeot_806_HDi_je_parle_francais_la_110,andere,2000,2200,150000,bus,diesel,privat
Schlachte_Golf_4._89.000_KM._Blau_1.4_16V,golf,2000,1,90000,,benzin,privat
Volkswagen_Fox_zu_verkaufen._Top_Zustand,fox,2016,4500,60000,,,privat
Mercedes_Benz_A_140__2.Hand_Scheckheft_gepfl.,a_klasse,2004,3850,125000,limousine,benzin,privat
Volkswagen_Touareg_3.0_V6_TDI_DPF_Aut._Individual,touareg,2008,15500,150000,suv,diesel,privat
Corvette_C1_1959_top_Zustand,andere,1959,90500,90000,cabrio,benzin,privat
Alfa_Giulietta_2.0_JTDm_mit_QV_Ausstattung,,2011,13950,60000,andere,diesel,privat
BMW_530D_E39,5er,2002,3400,150000,limousine,diesel,privat
Seat_Ibiza_SC_1.4_TSI_DSG_Cupra,ibiza,2010,11500,50000,kleinwagen,benzin,privat
BMW_323i._e_21_Gesucht__In_jeden_Zustand_,3er,1985,0,150000,,,privat
Dacia_Logan_MCV_1.5_dCi,logan,2007,2800,150000,kombi,diesel,privat
Vw_polo_tuf_04_2016,polo,1995,120,150000,kleinwagen,benzin,privat
Mercedes_Benz_E220_|_220_E_|_TÜV_03/2017_|_w124_|_E_Klasse,e_klasse,1992,1490,150000,limousine,benzin,privat
Vw_Caddy_1_9_sdi,caddy,2000,650,150000,kombi,diesel,privat
Suzuki_Vitara_1_6_L_Benziner,andere,1992,1199,150000,suv,benzin,privat
Mazda_626_als_Ersatzteilespender_oder_Wiederaufbau,6_reihe,1998,350,150000,kombi,benzin,privat
Alfa_Romeo_Spiber,spider,2001,3200,150000,cabrio,,privat
KIA_OPIRUS_3_5_V6_EX,andere,2004,4000,150000,limousine,lpg,privat
Renault__Megane__Grandtour_Exception_2_0_dci_Scheckheft_blau,megane,2006,6450,125000,kombi,diesel,privat
Opel_Corsa_1.2_16V_Comfort_Tuev/AU_neu,corsa,2001,1690,150000,kleinwagen,benzin,privat
Volkswagen_Passat_2.5_TDI_V6_4Motion_Highline,passat,2002,1750,150000,limousine,diesel,privat
Mercedes_Benz_A_140_Classic_Klima_Scheckheft_DB_TÜV_neu,a_klasse,2001,2990,70000,limousine,benzin,privat
Astra_cabrio,astra,2016,1299,150000,,,privat
Audi_A4_Avant_1_8_Lichtpaket__Benzin__MMI__Xenon__Leder,a4,2010,11000,150000,kombi,benzin,privat
Vw_lupo_1.0_klima_servo_1_Jahr_TÜV,lupo,2000,1000,150000,kleinwagen,benzin,privat
Microcar_MC1,,2004,3950,70000,kleinwagen,diesel,privat
Opel_Omega_mit_Hagelschaden,omega,2000,650,150000,kombi,benzin,privat
CITREON_JUMPER_2_2_2010_LKW__KASTEN_HOCH_UND_LANG_TOP,andere,2010,5500,150000,andere,diesel,privat
Citroeen_Xara_1_4_inklusive_Neu_TÜV/AU,andere,1998,1299,150000,coupe,benzin,privat
Passat_fuer_ausschalten,,2017,1300,150000,,,privat
VW_Touran_1.9_TDI_United,,2007,5800,150000,bus,diesel,privat
Mercedes_Benz_C_180_T_Kompressor_Automatik_Elegance,c_klasse,2004,7600,150000,kombi,benzin,privat
Volkswagen_Golf_Variant_1.4_TSI_DSG_Highline_Xenon_Panorama,golf,2010,13499,60000,kombi,benzin,privat
Daihatsu_Cuore_1.0_Top,cuore,2007,1490,150000,kleinwagen,benzin,privat
Volkswagen_Golf_1.4_Tour,golf,2007,5500,125000,limousine,benzin,privat
BMW_318i,3er,2003,2350,150000,limousine,benzin,privat
Ford_C_Max,c_max,2016,3000,150000,,diesel,privat
VW_golf_1_4_4_tuer,,2017,1950,150000,,benzin,privat
Ford_S_Max_2.0_TDCi_DPF_Aut._Trend,s_max,2009,6350,150000,bus,diesel,privat
Mazda_Premacy_1.9_TÜV_NEU,andere,1999,750,150000,bus,benzin,privat
Opel_Vectra_1_6,vectra,1998,1500,150000,limousine,benzin,privat
Audi_A4_1.8_T_quattro,a4,2003,8500,150000,limousine,benzin,privat
Audi_A6Mit_AHK,a6,2003,4300,150000,kombi,,privat
Fiat_Marea_100_16V_Weekend_SX,andere,2001,850,125000,kombi,benzin,privat
Mercedes_Benz_A_160_Blue_Efficiency,a_klasse,2009,6700,70000,limousine,benzin,privat
Audi_A3,a3,2013,29980,50000,limousine,diesel,privat
Opel_Corsa_1.2_16V___2_HAND__KLIMA__8_FACH_TÜV_NEU!!!,corsa,2003,2238,125000,kleinwagen,benzin,privat
Bmw_e36_316i_compact_viel_neu....,3er,1994,250,150000,kleinwagen,benzin,privat
BMW_coupe,3er,1997,3350,150000,coupe,benzin,privat
Renault_Modus_1.5_dCi_Bj_2005__220000_km_TÜV_NEU,modus,2005,2000,150000,bus,diesel,privat
Top_gepflegter_Audi_A6_Avant_S_Line_2.0_TDI_/_AHK_Standheizung,a6,2007,14500,100000,kombi,diesel,privat
Audi_A2_1.4__TÜV+_Zahnriemen_NEU,a2,2002,4199,150000,kleinwagen,benzin,privat
SEAT_Ibiza__TÜV_neu_nichtraucher__scheckheft_gepflegt__23500_km,ibiza,2009,6999,30000,kleinwagen,benzin,privat
VW_Polo_1.2_Trendline_Klima/_Scheckheftgepflegt/_TÜV_NEU,polo,2008,4490,100000,kleinwagen,benzin,privat
BMW_X6_xDrive30d_M_Sportpaket_Garantie_bis_2018,x_reihe,2013,43900,40000,limousine,diesel,privat
Audi_A5_Cabrio_1.8_TFSI,a5,2010,21950,90000,cabrio,benzin,privat
Mazda_323_Sporty,3_reihe,2002,1200,150000,kleinwagen,benzin,privat
Mercedes_Benz_E_220_T_CDI_Automatik_Classic,e_klasse,2004,8100,150000,kombi,diesel,privat
BMW_530i_Touring,5er,2006,12650,150000,kombi,benzin,privat
Solides_Auto,passat,1997,2400,150000,kombi,benzin,privat
Seat_Ibiza_weiss_sparsam_8_fach_bereift,ibiza,2017,5250,70000,,,privat
Audi_A3_1.8_TFSI_Ambition_S_Line_Xenon,a3,2009,14500,70000,limousine,benzin,privat
Peugeot_206_cc,2_reihe,2016,1950,150000,,benzin,privat
Tausche_BMW_top_Zustand,3er,2016,0,150000,,diesel,privat
Mercedes_Benz_E350_CGI_Coupé_AMG_|_LEDER_|_SCHIEBEDACH_|_TÜV,e_klasse,2009,24900,125000,coupe,benzin,privat
Volkswagen_Golf_Plus_1.9_TDI,golf,2007,4300,150000,limousine,diesel,privat
Smart_smart_fortwo_coupe,fortwo,2006,2250,80000,kleinwagen,benzin,privat
Audi_A4_Avant_2.0_TDI_DPF_Ambiente,a4,2008,10550,125000,kombi,diesel,privat
Seat_Ibiza,ibiza,1995,200,150000,kleinwagen,benzin,privat
BMW_E30_316_318_320_325_GESUCHT,3er,1990,0,5000,,,privat
Audi_A6_2.0_TFSI,a6,2010,11500,150000,limousine,benzin,privat
OPEL_Vectra_B_Kombi_2.0_DTI_mit_AHK,vectra,2002,890,150000,kombi,diesel,privat
Audi_A5_Cabrio_3.0_TDI_DPF_quattro_S_tronic,a5,2009,20500,150000,cabrio,diesel,privat
Alfa_Romeo_147_1.6_Twin_Spark,147,2006,2990,150000,limousine,benzin,privat
MERCEDES_BENZ_C_200_T_CDI_AVANTGARDE,c_klasse,2008,9600,150000,kombi,diesel,privat
Opel_Corsa_City,corsa,1995,1099,30000,kleinwagen,benzin,privat
Opel_Astra_1.6,astra,2000,1700,100000,limousine,benzin,privat
Unfallwagen/Totalschaden,,2000,0,150000,,,privat
Expert_Kasten_geschlossen,andere,2008,4760,150000,andere,diesel,privat
